{
    "loss": [
        0.8066921830177307,
        0.8188021183013916,
        0.7838877439498901,
        0.7616351842880249,
        0.8156578540802002,
        0.7734987735748291,
        0.7738471627235413,
        0.7559986710548401,
        0.756099283695221,
        0.7412898540496826,
        0.7401617169380188,
        0.7360498309135437,
        0.7288845181465149
    ],
    "accuracy": [
        0.7667876482009888,
        0.7477313876152039,
        0.7722322940826416,
        0.7731397747993469,
        0.7531760334968567,
        0.7767695188522339,
        0.7704174518585205,
        0.7686025500297546,
        0.7758620977401733,
        0.786751389503479,
        0.7858439087867737,
        0.7949183583259583,
        0.7840290665626526
    ],
    "precision": [
        0.8147410154342651,
        0.804804801940918,
        0.810546875,
        0.816286027431488,
        0.8017664551734924,
        0.8118331432342529,
        0.8045976758003235,
        0.8048309087753296,
        0.808061420917511,
        0.8110161423683167,
        0.8106564879417419,
        0.8136882185935974,
        0.8097514510154724
    ],
    "recall": [
        0.920134961605072,
        0.9064261317253113,
        0.9357384443283081,
        0.9267193078994751,
        0.9210823178291321,
        0.9415073394775391,
        0.9448819160461426,
        0.9401805996894836,
        0.9471316337585449,
        0.9595505595207214,
        0.9583802223205566,
        0.9661399722099304,
        0.955981969833374
    ],
    "auc": [
        0.5372893214225769,
        0.5166749954223633,
        0.5513489246368408,
        0.5802600979804993,
        0.5048452019691467,
        0.5227084159851074,
        0.5142587423324585,
        0.5503798723220825,
        0.5434602499008179,
        0.5495521426200867,
        0.5474025011062622,
        0.5660976767539978,
        0.57998126745224
    ],
    "binary_accuracy": [
        0.7667876482009888,
        0.7477313876152039,
        0.7722322940826416,
        0.7731397747993469,
        0.7531760334968567,
        0.7767695188522339,
        0.7704174518585205,
        0.7686025500297546,
        0.7758620977401733,
        0.786751389503479,
        0.7858439087867737,
        0.7949183583259583,
        0.7840290665626526
    ],
    "val_loss": [
        0.95191890001297,
        1.0688223838806152,
        1.1501797437667847,
        1.24925696849823,
        1.1317565441131592,
        1.2091630697250366,
        1.0978503227233887,
        1.1755025386810303,
        1.161275029182434,
        1.1475144624710083,
        1.1247313022613525,
        1.153295874595642,
        1.034473180770874
    ],
    "val_accuracy": [
        0.4951923191547394,
        0.4951923191547394,
        0.48076921701431274,
        0.48557692766189575,
        0.4951923191547394,
        0.48076921701431274,
        0.5096153616905212,
        0.5,
        0.5,
        0.5,
        0.5192307829856873,
        0.4951923191547394,
        0.5192307829856873
    ],
    "val_precision": [
        0.4951923191547394,
        0.4951923191547394,
        0.4878048896789551,
        0.4902912676334381,
        0.49504950642585754,
        0.4878048896789551,
        0.5025125741958618,
        0.4975845515727997,
        0.49753695726394653,
        0.49751242995262146,
        0.5074626803398132,
        0.4950000047683716,
        0.5076923370361328
    ],
    "val_recall": [
        1.0,
        1.0,
        0.9708737730979919,
        0.9805825352668762,
        0.9708737730979919,
        0.9708737730979919,
        0.9708737730979919,
        1.0,
        0.9805825352668762,
        0.9708737730979919,
        0.9902912378311157,
        0.9611650705337524,
        0.9611650705337524
    ],
    "val_auc": [
        0.40721219778060913,
        0.17508089542388916,
        0.17272305488586426,
        0.14063799381256104,
        0.2774387300014496,
        0.3628756105899811,
        0.3786407709121704,
        0.3450300395488739,
        0.2896439731121063,
        0.32380950450897217,
        0.5095238089561462,
        0.3118354082107544,
        0.5164586305618286
    ],
    "val_binary_accuracy": [
        0.4951923191547394,
        0.4951923191547394,
        0.48076921701431274,
        0.48557692766189575,
        0.4951923191547394,
        0.48076921701431274,
        0.5096153616905212,
        0.5,
        0.5,
        0.5,
        0.5192307829856873,
        0.4951923191547394,
        0.5192307829856873
    ],
    "lr": [
        9.999999747378752e-05,
        9.999999747378752e-05,
        9.999999747378752e-05,
        9.999999747378752e-05,
        9.999999747378752e-05,
        9.999999747378752e-05,
        9.999999747378752e-05,
        4.999999873689376e-05,
        4.999999873689376e-05,
        4.999999873689376e-05,
        4.999999873689376e-05,
        4.999999873689376e-05,
        4.999999873689376e-05
    ]
}