{
    "loss": [
        0.8274223208427429,
        0.824760913848877,
        0.7786475419998169,
        0.7870786190032959,
        0.7753090262413025,
        0.7964204549789429,
        0.7955503463745117,
        0.7662020325660706,
        0.7502400875091553,
        0.7554519772529602,
        0.7395503520965576,
        0.7478109002113342,
        0.7236453294754028,
        0.7294507622718811,
        0.7343814373016357,
        0.7204931378364563,
        0.7362363934516907,
        0.7367812395095825,
        0.72422194480896,
        0.7073308825492859,
        0.7345464825630188,
        0.7252087593078613,
        0.7098568677902222
    ],
    "accuracy": [
        0.7631579041481018,
        0.7631579041481018,
        0.7686025500297546,
        0.7785844206809998,
        0.7803992629051208,
        0.7640653252601624,
        0.7513611912727356,
        0.7704174518585205,
        0.7912885546684265,
        0.7858439087867737,
        0.7840290665626526,
        0.7767695188522339,
        0.7949183583259583,
        0.790381133556366,
        0.7921960353851318,
        0.786751389503479,
        0.7967332005500793,
        0.7876588106155396,
        0.7876588106155396,
        0.786751389503479,
        0.7831215858459473,
        0.7967332005500793,
        0.7949183583259583
    ],
    "precision": [
        0.8074656128883362,
        0.807692289352417,
        0.8090107440948486,
        0.8142717480659485,
        0.8174681067466736,
        0.8084896206855774,
        0.7963142395019531,
        0.8057971000671387,
        0.8145315647125244,
        0.8087535500526428,
        0.8091602921485901,
        0.8059273362159729,
        0.8164436221122742,
        0.8057889938354492,
        0.8125594854354858,
        0.808893084526062,
        0.8165399432182312,
        0.8104761838912964,
        0.8071495890617371,
        0.806786060333252,
        0.8081671595573425,
        0.811267614364624,
        0.8093896508216858
    ],
    "recall": [
        0.9267193078994751,
        0.9254237413406372,
        0.9322798848152161,
        0.9391206502914429,
        0.9370078444480896,
        0.9254237413406372,
        0.9276835918426514,
        0.9413092732429504,
        0.9594594836235046,
        0.9604519605636597,
        0.957110583782196,
        0.9514672756195068,
        0.9617117047309875,
        0.9740406274795532,
        0.9638826251029968,
        0.962837815284729,
        0.9651685357093811,
        0.9604966044425964,
        0.9673055410385132,
        0.9661399722099304,
        0.9583333134651184,
        0.9740698933601379,
        0.9740113019943237
    ],
    "auc": [
        0.5296112298965454,
        0.493587464094162,
        0.5408958792686462,
        0.5306337475776672,
        0.5574865937232971,
        0.5354474186897278,
        0.5066781044006348,
        0.5290475487709045,
        0.548105001449585,
        0.5452966690063477,
        0.5567156076431274,
        0.5571074485778809,
        0.5714642405509949,
        0.5569141507148743,
        0.5544111728668213,
        0.5791813731193542,
        0.5435711145401001,
        0.5643340945243835,
        0.584449827671051,
        0.6164278388023376,
        0.5462000966072083,
        0.5669122934341431,
        0.5935536623001099
    ],
    "binary_accuracy": [
        0.7631579041481018,
        0.7631579041481018,
        0.7686025500297546,
        0.7785844206809998,
        0.7803992629051208,
        0.7640653252601624,
        0.7513611912727356,
        0.7704174518585205,
        0.7912885546684265,
        0.7858439087867737,
        0.7840290665626526,
        0.7767695188522339,
        0.7949183583259583,
        0.790381133556366,
        0.7921960353851318,
        0.786751389503479,
        0.7967332005500793,
        0.7876588106155396,
        0.7876588106155396,
        0.786751389503479,
        0.7831215858459473,
        0.7967332005500793,
        0.7949183583259583
    ],
    "val_loss": [
        0.9388824105262756,
        0.9346005916595459,
        0.9617095589637756,
        1.0408029556274414,
        1.0373053550720215,
        0.969397783279419,
        0.9580269455909729,
        0.98759925365448,
        0.9276799559593201,
        0.9792681336402893,
        0.889542818069458,
        0.9894756078720093,
        1.0056912899017334,
        0.9645699858665466,
        1.0254498720169067,
        1.045166015625,
        1.0121359825134277,
        1.019051194190979,
        0.9996359944343567,
        1.0203052759170532,
        1.0306925773620605,
        1.0469677448272705,
        1.021213173866272
    ],
    "val_accuracy": [
        0.5,
        0.5096153616905212,
        0.5144230723381042,
        0.48557692766189575,
        0.5096153616905212,
        0.5240384340286255,
        0.5432692170143127,
        0.5288461446762085,
        0.5336538553237915,
        0.5096153616905212,
        0.557692289352417,
        0.5336538553237915,
        0.5240384340286255,
        0.5192307829856873,
        0.5192307829856873,
        0.5240384340286255,
        0.5240384340286255,
        0.5096153616905212,
        0.5096153616905212,
        0.5096153616905212,
        0.5,
        0.504807710647583,
        0.5144230723381042
    ],
    "val_precision": [
        0.4975845515727997,
        0.5024630427360535,
        0.5049505233764648,
        0.48969072103500366,
        0.5025380849838257,
        0.5101010203361511,
        0.5210526585578918,
        0.5129533410072327,
        0.5154638886451721,
        0.5025380849838257,
        0.5291005373001099,
        0.5151515007019043,
        0.5102040767669678,
        0.5076923370361328,
        0.5077720284461975,
        0.5103092789649963,
        0.5104166865348816,
        0.5025641322135925,
        0.5025641322135925,
        0.5025641322135925,
        0.4974619150161743,
        0.5,
        0.5051546096801758
    ],
    "val_recall": [
        1.0,
        0.9902912378311157,
        0.9902912378311157,
        0.9223300814628601,
        0.9611650705337524,
        0.9805825352668762,
        0.9611650705337524,
        0.9611650705337524,
        0.9708737730979919,
        0.9611650705337524,
        0.9708737730979919,
        0.9902912378311157,
        0.9708737730979919,
        0.9611650705337524,
        0.9514563083648682,
        0.9611650705337524,
        0.9514563083648682,
        0.9514563083648682,
        0.9514563083648682,
        0.9514563083648682,
        0.9514563083648682,
        0.9611650705337524,
        0.9514563083648682
    ],
    "val_auc": [
        0.41927874088287354,
        0.6457234621047974,
        0.5586222410202026,
        0.37175214290618896,
        0.5033286809921265,
        0.6898751854896545,
        0.6510864496231079,
        0.7253351807594299,
        0.8299121260643005,
        0.7818307876586914,
        0.8214516639709473,
        0.7534443140029907,
        0.6937124729156494,
        0.7429033517837524,
        0.5803050994873047,
        0.5327322483062744,
        0.5609801411628723,
        0.5977808237075806,
        0.5991215705871582,
        0.5360610485076904,
        0.49588534235954285,
        0.4791955351829529,
        0.47517338395118713
    ],
    "val_binary_accuracy": [
        0.5,
        0.5096153616905212,
        0.5144230723381042,
        0.48557692766189575,
        0.5096153616905212,
        0.5240384340286255,
        0.5432692170143127,
        0.5288461446762085,
        0.5336538553237915,
        0.5096153616905212,
        0.557692289352417,
        0.5336538553237915,
        0.5240384340286255,
        0.5192307829856873,
        0.5192307829856873,
        0.5240384340286255,
        0.5240384340286255,
        0.5096153616905212,
        0.5096153616905212,
        0.5096153616905212,
        0.5,
        0.504807710647583,
        0.5144230723381042
    ],