{
    "loss": [
        0.7417478561401367,
        0.749858021736145,
        0.73988938331604,
        0.7361940145492554,
        0.7399455904960632,
        0.7237743139266968,
        0.7178438305854797,
        0.7356049418449402,
        0.7235839366912842,
        0.7162132263183594,
        0.7232495546340942,
        0.7101658582687378,
        0.7344368100166321,
        0.7247959971427917,
        0.7390345931053162,
        0.7146636247634888,
        0.7078658938407898,
        0.7053937911987305,
        0.7229542136192322,
        0.7167062163352966,
        0.7068710923194885,
        0.7053840756416321,
        0.7185851335525513,
        0.708093523979187,
        0.6993499994277954,
        0.6917160749435425,
        0.7102972269058228,
        0.7078561782836914,
        0.706291913986206,
        0.6850072145462036,
        0.7166317105293274,
        0.714222252368927,
        0.6909207701683044,
        0.6858303546905518,
        0.6978563666343689,
        0.6844128966331482,
        0.7025557160377502,
        0.6846151947975159,
        0.6897677183151245,
        0.6930687427520752
    ],
    "accuracy": [
        0.7831215858459473,
        0.7767695188522339,
        0.790381133556366,
        0.7840290665626526,
        0.7885662317276001,
        0.7876588106155396,
        0.786751389503479,
        0.7876588106155396,
        0.7785844206809998,
        0.7949183583259583,
        0.786751389503479,
        0.7967332005500793,
        0.7894737124443054,
        0.7931034564971924,
        0.7831215858459473,
        0.7931034564971924,
        0.7967332005500793,
        0.7940108776092529,
        0.7894737124443054,
        0.7958257794380188,
        0.7894737124443054,
        0.7967332005500793,
        0.7894737124443054,
        0.7849364876747131,
        0.7912885546684265,
        0.803992748260498,
        0.7912885546684265,
        0.7940108776092529,
        0.7949183583259583,
        0.8058076500892639,
        0.7849364876747131,
        0.803992748260498,
        0.7849364876747131,
        0.7976406812667847,
        0.7976406812667847,
        0.8021778464317322,
        0.7949183583259583,
        0.8058076500892639,
        0.8094373941421509,
        0.8103448152542114
    ],
    "precision": [
        0.8072174787521362,
        0.8020833134651184,
        0.8084905743598938,
        0.8071833848953247,
        0.8079096078872681,
        0.8075471520423889,
        0.8098859190940857,
        0.8081285357475281,
        0.8047393560409546,
        0.8119092583656311,
        0.8073654174804688,
        0.8158397078514099,
        0.8079096078872681,
        0.808809757232666,
        0.8078020811080933,
        0.8103286623954773,
        0.8122065663337708,
        0.8109124898910522,
        0.8069353103637695,
        0.8128544688224792,
        0.8077285289764404,
        0.8130311369895935,
        0.810606062412262,
        0.803939938545227,
        0.8153110146522522,
        0.8179244995117188,
        0.8117870688438416,
        0.8111425638198853,
        0.8105560541152954,
        0.8202459812164307,
        0.8081671595573425,
        0.8166351318359375,
        0.806421160697937,
        0.8179218173027039,
        0.8130311369895935,
        0.812734067440033,
        0.8136882185935974,
        0.822243332862854,
        0.8189493417739868,
        0.8226882815361023
    ],
    "recall": [
        0.9593679308891296,
        0.9581447839736938,
        0.9683615565299988,
        0.9617117047309875,
        0.9673055410385132,
        0.9661399722099304,
        0.9605411291122437,
        0.9650112986564636,
        0.9571589827537537,
        0.969525933265686,
        0.9650112986564636,
        0.9650112986564636,
        0.968397319316864,
        0.9729425311088562,
        0.9582392573356628,
        0.9707536697387695,
        0.9730033874511719,
        0.9707207083702087,
        0.9706876873970032,
        0.9695603251457214,
        0.9683615565299988,
        0.9706876873970032,
        0.9639639854431152,
        0.9683615565299988,
        0.9583802223205566,
        0.9741572737693787,
        0.9638826251029968,
        0.969525933265686,
        0.9717513918876648,
        0.9730639457702637,
        0.9604966044425964,
        0.97516930103302,
        0.9638826251029968,
        0.9640449285507202,
        0.9717832803726196,
        0.9796839952468872,
        0.9661399722099304,
        0.9697309136390686,
        0.9808988571166992,
        0.9740406274795532
    ],
    "auc": [
        0.5443028807640076,
        0.5396835803985596,
        0.5544117093086243,
        0.5497731566429138,
        0.533685564994812,
        0.5687442421913147,
        0.5905665755271912,
        0.5601485967636108,
        0.581017792224884,
        0.5876049995422363,
        0.5757357478141785,
        0.6003339290618896,
        0.5558115839958191,
        0.5767205953598022,
        0.5533139109611511,
        0.5867329835891724,
        0.5912984013557434,
        0.6058111190795898,
        0.5710442662239075,
        0.5860989689826965,
        0.6154833436012268,
        0.6006029844284058,
        0.5754372477531433,
        0.6082584857940674,
        0.6145218014717102,
        0.630310595035553,
        0.6106330156326294,
        0.6009843945503235,
        0.6092140078544617,
        0.6318264007568359,
        0.5960256457328796,
        0.5877957344055176,
        0.6409162878990173,
        0.6355999708175659,
        0.6229307651519775,
        0.6502173542976379,
        0.6086342930793762,
        0.6303437948226929,
        0.6245256066322327,
        0.6192783713340759
    ],
    "binary_accuracy": [
        0.7831215858459473,
        0.7767695188522339,
        0.790381133556366,
        0.7840290665626526,
        0.7885662317276001,
        0.7876588106155396,
        0.786751389503479,
        0.7876588106155396,
        0.7785844206809998,
        0.7949183583259583,
        0.786751389503479,
        0.7967332005500793,
        0.7894737124443054,
        0.7931034564971924,
        0.7831215858459473,
        0.7931034564971924,
        0.7967332005500793,
        0.7940108776092529,
        0.7894737124443054,
        0.7958257794380188,
        0.7894737124443054,
        0.7967332005500793,
        0.7894737124443054,
        0.7849364876747131,
        0.7912885546684265,
        0.803992748260498,
        0.7912885546684265,
        0.7940108776092529,
        0.7949183583259583,
        0.8058076500892639,
        0.7849364876747131,
        0.803992748260498,
        0.7849364876747131,
        0.7976406812667847,
        0.7976406812667847,
        0.8021778464317322,
        0.7949183583259583,
        0.8058076500892639,
        0.8094373941421509,
        0.8103448152542114
    ],
    "val_loss": [
        1.0222541093826294,
        1.0153414011001587,
        1.001951813697815,
        1.00350821018219,
        1.0115678310394287,
        1.0148673057556152,
        1.0103188753128052,
        0.9879525899887085,
        0.9877949357032776,
        0.9667109251022339,
        0.9591655135154724,
        0.9680193662643433,
        0.9668928980827332,
        0.9578542709350586,
        0.9556446075439453,
        0.9475290775299072,
        0.9618568420410156,
        0.9762107133865356,
        0.9633587598800659,
        0.9450550079345703,
        0.9353933334350586,
        0.9517266154289246,
        0.9663436412811279,
        0.9548863172531128,
        0.9745349884033203,
        0.9422940611839294,
        0.9429721832275391,
        0.9293928146362305,
        0.9354422688484192,
        0.9385144114494324,
        0.9279196858406067,
        0.9445950984954834,
        0.9379352331161499,
        0.9469658136367798,
        0.9329310655593872,
        0.9272669553756714,
        0.9195295572280884,
        0.9105933308601379,
        0.9277375340461731,
        0.9468947052955627
    ],